{"name":"t:sections.header.name","type":"header","sections":{"header":{"type":"header","settings":{"logo_position":"top-center","mobile_logo_position":"center","menu":"main-menu","menu_type_desktop":"drawer","sticky_header_type":"reduce-logo-size","show_line_separator":false,"color_scheme":"scheme-1","menu_color_scheme":"scheme-1","enable_country_selector":true,"enable_language_selector":true,"enable_customer_avatar":true,"margin_bottom":0,"padding_top":8,"padding_bottom":8}},"announcement_bar_fqjBa9":{"type":"announcement-bar","blocks":{"announcement_pVG8kJ":{"type":"announcement","settings":{"text":"Join the Waitlist to be the first one to get our products.","link":"shopify:\/\/pages\/coming-soon"}}},"block_order":["announcement_pVG8kJ"],"settings":{"auto_rotate":false,"change_slides_speed":5,"color_scheme":"","show_line_separator":false,"show_social":false,"enable_country_selector":false,"enable_language_selector":false}}},"order":["header","announcement_bar_fqjBa9"]}