{"current":{"logo":"shopify:\/\/shop_images\/Brand_Logo_nobg.png","logo_width":130,"favicon":"shopify:\/\/shop_images\/Brand_Logo_Icon_nobg.png","type_header_font":"bodoni_moda_n9","heading_scale":110,"type_body_font":"bodoni_moda_n6","body_scale":100,"page_width":1200,"spacing_sections":0,"spacing_grid_horizontal":20,"spacing_grid_vertical":20,"animations_reveal_on_scroll":true,"animations_hover_elements":"3d-lift","buttons_border_thickness":2,"buttons_border_opacity":100,"buttons_radius":6,"buttons_shadow_opacity":0,"buttons_shadow_horizontal_offset":0,"buttons_shadow_vertical_offset":4,"buttons_shadow_blur":5,"variant_pills_border_thickness":1,"variant_pills_border_opacity":55,"variant_pills_radius":40,"variant_pills_shadow_opacity":0,"variant_pills_shadow_horizontal_offset":0,"variant_pills_shadow_vertical_offset":4,"variant_pills_shadow_blur":5,"inputs_border_thickness":1,"inputs_border_opacity":55,"inputs_radius":6,"inputs_shadow_opacity":0,"inputs_shadow_horizontal_offset":0,"inputs_shadow_vertical_offset":4,"inputs_shadow_blur":5,"card_style":"card","card_image_padding":0,"card_text_alignment":"left","card_color_scheme":"scheme-1","card_border_thickness":1,"card_border_opacity":10,"card_corner_radius":6,"card_shadow_opacity":0,"card_shadow_horizontal_offset":0,"card_shadow_vertical_offset":4,"card_shadow_blur":5,"collection_card_style":"card","collection_card_image_padding":0,"collection_card_text_alignment":"left","collection_card_color_scheme":"scheme-1","collection_card_border_thickness":1,"collection_card_border_opacity":10,"collection_card_corner_radius":6,"collection_card_shadow_opacity":0,"collection_card_shadow_horizontal_offset":0,"collection_card_shadow_vertical_offset":4,"collection_card_shadow_blur":5,"blog_card_style":"card","blog_card_image_padding":0,"blog_card_text_alignment":"left","blog_card_color_scheme":"scheme-1","blog_card_border_thickness":1,"blog_card_border_opacity":10,"blog_card_corner_radius":6,"blog_card_shadow_opacity":0,"blog_card_shadow_horizontal_offset":0,"blog_card_shadow_vertical_offset":4,"blog_card_shadow_blur":5,"text_boxes_border_thickness":0,"text_boxes_border_opacity":10,"text_boxes_radius":6,"text_boxes_shadow_opacity":0,"text_boxes_shadow_horizontal_offset":0,"text_boxes_shadow_vertical_offset":4,"text_boxes_shadow_blur":5,"media_border_thickness":0,"media_border_opacity":10,"media_radius":6,"media_shadow_opacity":0,"media_shadow_horizontal_offset":0,"media_shadow_vertical_offset":4,"media_shadow_blur":5,"popup_border_thickness":1,"popup_border_opacity":50,"popup_corner_radius":6,"popup_shadow_opacity":0,"popup_shadow_horizontal_offset":0,"popup_shadow_vertical_offset":4,"popup_shadow_blur":5,"drawer_border_thickness":1,"drawer_border_opacity":10,"drawer_shadow_opacity":0,"drawer_shadow_horizontal_offset":0,"drawer_shadow_vertical_offset":4,"drawer_shadow_blur":5,"badge_position":"bottom right","badge_corner_radius":6,"sale_badge_color_scheme":"scheme-5","sold_out_badge_color_scheme":"scheme-4","brand_headline":"The Kronos Legacy –<em> Redefining True Luxury<\/em>","brand_description":"<p>At <em>The Kronos Legacy<\/em>, we believe luxury is not about price—it’s about excellence. With a commitment to the finest materials, masterful craftsmanship, and timeless design, we create garments that embody sophistication, confidence, and enduring quality. Experience fashion that stands the test of time.<\/p>","brand_image":"shopify:\/\/shop_images\/Brand_Logo.png","brand_image_width":100,"social_facebook_link":"","social_instagram_link":"https:\/\/www.instagram.com\/thekronoslegacy","social_youtube_link":"","social_tiktok_link":"https:\/\/www.tiktok.com\/@the.kronos.legacy","social_twitter_link":"","social_snapchat_link":"","social_pinterest_link":"","social_tumblr_link":"","social_vimeo_link":"","predictive_search_enabled":true,"predictive_search_show_vendor":false,"predictive_search_show_price":false,"currency_code_enabled":true,"cart_type":"notification","show_vendor":false,"show_cart_note":false,"cart_drawer_collection":"","cart_color_scheme":"scheme-1","sections":{"main-password-header":{"type":"main-password-header","settings":{"color_scheme":"scheme-1"}},"main-password-footer":{"type":"main-password-footer","settings":{"color_scheme":"scheme-1"}}},"content_for_index":[],"blocks":{"15393088698543645836":{"type":"shopify:\/\/apps\/essential-preorder\/blocks\/app-embed\/bb7e7a06-2a82-4e7d-8984-c3918deb1c2a","disabled":false,"settings":{}},"15683396631634586217":{"type":"shopify:\/\/apps\/inbox\/blocks\/chat\/841fc607-4181-4ad1-842d-e24d7f8bad6b","disabled":true,"settings":{"button_color":"#292a2d","secondary_color":"#f0f0ec","ternary_color":"#292a2d","button_icon":"smiley_face","button_text":"no_text","button_horizontal_position":"bottom_right","button_vertical_position":"lowest","greeting_message":""}},"16963237191767492405":{"type":"shopify:\/\/apps\/whatsapp-button\/blocks\/app-embed-block\/96d80a63-e860-4262-a001-8b82ac4d00e6","disabled":false,"settings":{}},"13370409245257823636":{"type":"shopify:\/\/apps\/eca-easy-loyalty\/blocks\/rewards\/f6b39bd5-ef3e-464e-b8c7-8bb40ea96ae3","disabled":true,"settings":{}}},"color_schemes":{"scheme-1":{"settings":{"background":"#f0f0eb","background_gradient":"","text":"#2c2f32","button":"#7e212a","button_label":"#ffffff","secondary_button_label":"#7e212a","shadow":"rgba(0,0,0,0)"}},"scheme-2":{"settings":{"background":"#ffffff","background_gradient":"","text":"#252525","button":"#252525","button_label":"#ffffff","secondary_button_label":"#252525","shadow":"#252525"}},"scheme-3":{"settings":{"background":"#716a56","background_gradient":"","text":"#efecec","button":"#efecec","button_label":"#716a56","secondary_button_label":"#efecec","shadow":"#252525"}},"scheme-4":{"settings":{"background":"#2c2f32","background_gradient":"","text":"#efecec","button":"#efecec","button_label":"#2c332f","secondary_button_label":"#efecec","shadow":"#252525"}},"scheme-5":{"settings":{"background":"#3f5147","background_gradient":"","text":"#efecec","button":"#efecec","button_label":"#3f5147","secondary_button_label":"#efecec","shadow":"#252525"}}}},"presets":{"Craft":{"logo_width":100,"color_schemes":{"scheme-1":{"settings":{"background":"#EFECEC","background_gradient":"","text":"#252525","button":"#2C332F","button_label":"#FFFFFF","secondary_button_label":"#505655","shadow":"#252525"}},"scheme-2":{"settings":{"background":"#FFFFFF","background_gradient":"","text":"#252525","button":"#252525","button_label":"#FFFFFF","secondary_button_label":"#252525","shadow":"#252525"}},"scheme-3":{"settings":{"background":"#716A56","background_gradient":"","text":"#EFECEC","button":"#EFECEC","button_label":"#716A56","secondary_button_label":"#EFECEC","shadow":"#252525"}},"scheme-4":{"settings":{"background":"#2C332F","background_gradient":"","text":"#EFECEC","button":"#EFECEC","button_label":"#2C332F","secondary_button_label":"#EFECEC","shadow":"#252525"}},"scheme-5":{"settings":{"background":"#3F5147","background_gradient":"","text":"#EFECEC","button":"#EFECEC","button_label":"#3F5147","secondary_button_label":"#EFECEC","shadow":"#252525"}}},"type_header_font":"trirong_n3","heading_scale":110,"type_body_font":"quattrocento_sans_n4","body_scale":100,"page_width":1200,"spacing_sections":0,"spacing_grid_horizontal":20,"spacing_grid_vertical":20,"animations_reveal_on_scroll":true,"animations_hover_elements":"none","buttons_border_thickness":1,"buttons_border_opacity":100,"buttons_radius":6,"buttons_shadow_opacity":0,"buttons_shadow_horizontal_offset":0,"buttons_shadow_vertical_offset":4,"buttons_shadow_blur":5,"variant_pills_border_thickness":1,"variant_pills_border_opacity":55,"variant_pills_radius":40,"variant_pills_shadow_opacity":0,"variant_pills_shadow_horizontal_offset":0,"variant_pills_shadow_vertical_offset":4,"variant_pills_shadow_blur":5,"inputs_border_thickness":1,"inputs_border_opacity":55,"inputs_radius":6,"inputs_shadow_opacity":0,"inputs_shadow_horizontal_offset":0,"inputs_shadow_vertical_offset":4,"inputs_shadow_blur":5,"card_style":"card","card_image_padding":0,"card_text_alignment":"left","card_color_scheme":"scheme-1","card_border_thickness":1,"card_border_opacity":10,"card_corner_radius":6,"card_shadow_opacity":0,"card_shadow_horizontal_offset":0,"card_shadow_vertical_offset":4,"card_shadow_blur":5,"collection_card_style":"card","collection_card_image_padding":0,"collection_card_text_alignment":"left","collection_card_color_scheme":"scheme-1","collection_card_border_thickness":1,"collection_card_border_opacity":10,"collection_card_corner_radius":6,"collection_card_shadow_opacity":0,"collection_card_shadow_horizontal_offset":0,"collection_card_shadow_vertical_offset":4,"collection_card_shadow_blur":5,"blog_card_style":"card","blog_card_image_padding":0,"blog_card_text_alignment":"left","blog_card_color_scheme":"scheme-1","blog_card_border_thickness":1,"blog_card_border_opacity":10,"blog_card_corner_radius":6,"blog_card_shadow_opacity":0,"blog_card_shadow_horizontal_offset":0,"blog_card_shadow_vertical_offset":4,"blog_card_shadow_blur":5,"text_boxes_border_thickness":0,"text_boxes_border_opacity":10,"text_boxes_radius":6,"text_boxes_shadow_opacity":0,"text_boxes_shadow_horizontal_offset":0,"text_boxes_shadow_vertical_offset":4,"text_boxes_shadow_blur":5,"media_border_thickness":0,"media_border_opacity":10,"media_radius":6,"media_shadow_opacity":0,"media_shadow_horizontal_offset":0,"media_shadow_vertical_offset":4,"media_shadow_blur":5,"popup_border_thickness":1,"popup_border_opacity":50,"popup_corner_radius":6,"popup_shadow_opacity":0,"popup_shadow_horizontal_offset":0,"popup_shadow_vertical_offset":4,"popup_shadow_blur":5,"drawer_border_thickness":1,"drawer_border_opacity":10,"drawer_shadow_opacity":0,"drawer_shadow_horizontal_offset":0,"drawer_shadow_vertical_offset":4,"drawer_shadow_blur":5,"badge_position":"bottom left","badge_corner_radius":6,"sale_badge_color_scheme":"scheme-5","sold_out_badge_color_scheme":"scheme-4","brand_headline":"","brand_description":"","brand_image_width":100,"social_twitter_link":"","social_facebook_link":"","social_pinterest_link":"","social_instagram_link":"","social_tiktok_link":"","social_tumblr_link":"","social_snapchat_link":"","social_youtube_link":"","social_vimeo_link":"","predictive_search_enabled":true,"predictive_search_show_vendor":false,"predictive_search_show_price":true,"currency_code_enabled":true,"cart_type":"notification","show_vendor":false,"show_cart_note":false,"cart_drawer_collection":"","cart_color_scheme":"scheme-1","sections":{"main-password-header":{"type":"main-password-header","settings":{"color_scheme":"scheme-1"}},"main-password-footer":{"type":"main-password-footer","settings":{"color_scheme":"scheme-1"}}}}}}