{"sections":{"main-collection-banner":{"type":"main-collection-banner","settings":{"show_collection_description":true,"show_collection_image":false,"color_scheme":"scheme-1"}},"main-collection-product-grid":{"type":"main-collection-product-grid","settings":{"products_per_page":20,"columns_desktop":4,"columns_mobile":"2","color_scheme":"scheme-1","image_ratio":"portrait","image_shape":"default","show_secondary_image":true,"show_vendor":false,"show_rating":false,"quick_add":"none","enable_filtering":true,"filter_type":"horizontal","enable_sorting":true,"padding_top":20,"padding_bottom":68}}},"order":["main-collection-banner","main-collection-product-grid"]}