{"sections":{"rich_text":{"type":"rich-text","blocks":{"heading":{"type":"heading","settings":{"heading":"About Us","heading_size":"h1"}},"text_CXF83V":{"type":"text","settings":{"text":"<p>Welcome to <strong>The Kronos Legacy<\/strong>, where timeless luxury meets modern artistry. Founded in Singapore, we are more than a fashion brand—we are a statement of uncompromising quality and enduring elegance.<\/p>"}},"text_jNVPTc":{"type":"text","settings":{"text":"<h2><strong>Our Vision<\/strong><\/h2><p>At The Kronos Legacy, we believe true luxury is defined by the unmatched quality of craftsmanship and materials, not by inflated prices or fleeting trends. Every piece we create is a celebration of refinement, designed to enhance your confidence, appearance, and connection to the art of fashion.<\/p>"}}},"block_order":["heading","text_CXF83V","text_jNVPTc"],"settings":{"desktop_content_position":"center","content_alignment":"center","color_scheme":"scheme-1","full_width":true,"padding_top":28,"padding_bottom":12}},"collapsible_content_eLKLrw":{"type":"collapsible-content","blocks":{"collapsible_row_MdT9Ty":{"type":"collapsible_row","settings":{"heading":"Timeless Elegance","icon":"snowflake","row_content":"<p>Our creations are designed to transcend trends, embodying a sense of enduring style and sophistication. By blending classic design with modern sensibilities, we craft pieces that remain relevant and captivating for generations.<\/p>","page":""}},"collapsible_row_tn6TFq":{"type":"collapsible_row","settings":{"heading":"Masterful Craftsmanship","icon":"snowflake","row_content":"<p>Every piece we create is a testament to our dedication to perfection. Through the hands of skilled artisans, we transform the world’s finest materials into works of art, where every stitch and detail reflects our relentless pursuit of excellence.<\/p>","page":""}},"collapsible_row_qHDT9i":{"type":"collapsible_row","settings":{"heading":"Artistic Expression","icon":"snowflake","row_content":"<p>Fashion is an art form, and we celebrate it through innovative designs that honour creativity and individuality. Each item tells a story of beauty and precision, merging functionality with artistic vision.<\/p>","page":""}},"collapsible_row_FHwQfX":{"type":"collapsible_row","settings":{"heading":"Uncompromising Excellence","icon":"snowflake","row_content":"<p>We hold ourselves to the highest standards, ensuring that every product exemplifies unparalleled quality. From sourcing rare and premium materials to refining every detail, we deliver nothing less than perfection in every piece.<\/p>","page":""}}},"block_order":["collapsible_row_MdT9Ty","collapsible_row_tn6TFq","collapsible_row_qHDT9i","collapsible_row_FHwQfX"],"settings":{"caption":"","heading":"What We Stand For","heading_size":"h1","heading_alignment":"center","layout":"none","container_color_scheme":"scheme-1","color_scheme":"","open_first_collapsible_row":false,"image_ratio":"adapt","desktop_layout":"image_second","padding_top":36,"padding_bottom":36}},"rich_text_Q4RVUe":{"type":"rich-text","blocks":{"text_yxR9PW":{"type":"text","settings":{"text":"<h2><strong>Our Inspiration<\/strong><\/h2><p>The Kronos Legacy is built on the belief that fashion is a medium for self-expression and transformation. Our collections are designed for those who value individuality and timeless beauty, blending modern silhouettes with classic sophistication and eternal comfort.<\/p>"}}},"block_order":["text_yxR9PW"],"settings":{"desktop_content_position":"center","content_alignment":"center","color_scheme":"","full_width":true,"padding_top":40,"padding_bottom":52}},"rich_text_brd4xk":{"type":"rich-text","blocks":{"heading_9ffxb9":{"type":"heading","settings":{"heading":"Explore our collections","heading_size":"h1"}},"text_kxLi9n":{"type":"text","settings":{"text":"<p>Discover the world of The Kronos Legacy, where every piece is a masterpiece designed to transcend time and trends. Our collections are crafted with precision and artistry, offering a perfect fusion of luxury, elegance, and individuality.<br\/><br\/>Each collection is a reflection of The Kronos Legacy’s commitment to offering you the best in luxury fashion. Whether you’re searching for timeless elegance or bold innovation, our pieces are designed to elevate your style and confidence.<\/p>"}}},"block_order":["heading_9ffxb9","text_kxLi9n"],"settings":{"desktop_content_position":"center","content_alignment":"center","color_scheme":"","full_width":true,"padding_top":40,"padding_bottom":52}},"collection_list_7FkBrP":{"type":"collection-list","blocks":{"featured_collection_h8iWfj":{"type":"featured_collection","settings":{"collection":"simplicity-collection"}}},"block_order":["featured_collection_h8iWfj"],"settings":{"title":"Collections","heading_size":"h1","image_ratio":"square","columns_desktop":3,"color_scheme":"","show_view_all":false,"columns_mobile":"1","swipe_on_mobile":false,"padding_top":36,"padding_bottom":36}},"rich_text_4QwDRR":{"type":"rich-text","blocks":{"heading_aKWqPW":{"type":"heading","settings":{"heading":"Take a glimpse at our Fabrics","heading_size":"h1"}},"text_3zjWHr":{"type":"text","settings":{"text":"<p><strong>Disclaimer<\/strong>: Some of these materials may not be available at the moment, as we prioritize finding the perfect manufacturer to craft our garments to the highest standards. Our products are released in very small batches to ensure exceptional quality.<\/p><p><\/p><p>For <strong>Mobile Phone<\/strong>, please tap and hold to see the text.<\/p><p>For <strong>PC\/Laptop<\/strong>, hover your cursor above to see the text.<\/p>"}}},"block_order":["heading_aKWqPW","text_3zjWHr"],"settings":{"desktop_content_position":"center","content_alignment":"center","color_scheme":"","full_width":true,"padding_top":40,"padding_bottom":52}},"slideshow":{"type":"slideshow","blocks":{"slide_YeX4VV":{"type":"slide","settings":{"image":"shopify:\/\/shop_images\/SupimaCotton_Slideshow.jpg","header":"Supima® Cotton","preview_text":"Supima cotton—luxury redefined. Grown only in the USA, its extra-long fibers create unmatched softness, strength, and a lustrous finish. The rarest and finest cotton in the world. Elevate your everyday.","alt_text":"","link":"shopify:\/\/pages\/supima-cotton"}},"slide_ArtX7n":{"type":"slide","settings":{"image":"shopify:\/\/shop_images\/SeaIslandCotton_Slideshow.jpg","header":"Sea Island Cotton","preview_text":"The gold standard of luxury cotton. Grown in the Caribbean, its ultra-fine, silky fibers create a fabric so soft and breathable, it’s reserved for the most exquisite garments. Rare, refined, and irresistibly elegant.","alt_text":"","link":"shopify:\/\/pages\/sea-island-cotton"}},"slide_3axLjX":{"type":"slide","settings":{"image":"shopify:\/\/shop_images\/VicunaWool_Slideshow.jpg","header":"Vicuña Wool","preview_text":"Nature’s most exclusive treasure. Sourced from the Andes, Vicuña wool is softer than cashmere, rarer than diamonds, and prized for its unparalleled warmth and lightness. The ultimate indulgence in luxury.","alt_text":"","link":"shopify:\/\/pages\/vicuna-wool"}},"slide_FeHJ3B":{"type":"slide","settings":{"image":"shopify:\/\/shop_images\/BelgianLinen_Slideshow.jpg","header":"Belgian Linen","preview_text":"Timeless elegance, perfected. Crafted from the finest European flax, Belgian linen is renowned for its durability, breathability, and effortlessly chic texture. A staple of sophistication that only gets better with age.","alt_text":"","link":"shopify:\/\/pages\/belgian-linen"}},"slide_zUXNwe":{"type":"slide","settings":{"image":"shopify:\/\/shop_images\/MulberrySilk_Slideshow.webp","header":"Mulberry Silk","preview_text":"The epitome of opulence. Made from the finest silkworms fed exclusively on mulberry leaves, this silk is luxuriously smooth, hypoallergenic, and radiant. A true masterpiece of nature’s craftsmanship.","alt_text":"","link":"shopify:\/\/pages\/mulberry-silk"}}},"block_order":["slide_YeX4VV","slide_ArtX7n","slide_3axLjX","slide_FeHJ3B","slide_zUXNwe"],"custom_css":["body {font-family: Bodoni Moda; margin: 0; padding: 0;}","p,h1,h2,h3 {font-size: 2rem; line-height: 1.5; margin: 1rem 0;}","@media only screen and (max-width: 900px) {p, h1, h2, h3 {font-size: calc(1.5vw + 0.5rem); }}","@media only screen and (max-width: 600px) {p, h1, h2, h3 {font-size: 1.5rem; }}"],"settings":{}}},"order":["rich_text","collapsible_content_eLKLrw","rich_text_Q4RVUe","rich_text_brd4xk","collection_list_7FkBrP","rich_text_4QwDRR","slideshow"]}