{"sections":{"main":{"type":"main-page","settings":{"padding_top":36,"padding_bottom":36}},"newsletter_THnX4k":{"type":"newsletter","blocks":{"heading_xfTPep":{"type":"heading","settings":{"heading":"Join our Waiting List","heading_size":"h1"}},"paragraph_TrAnak":{"type":"paragraph","settings":{"text":"<p>Be the first to know about new collections and exclusive offers.<\/p>"}},"email_form_EMjnLb":{"type":"email_form","settings":{}}},"block_order":["heading_xfTPep","paragraph_TrAnak","email_form_EMjnLb"],"settings":{"color_scheme":"","full_width":true,"padding_top":40,"padding_bottom":52}}},"order":["main","newsletter_THnX4k"]}