{"sections":{"main":{"type":"main-page","settings":{"padding_top":36,"padding_bottom":36}},"multirow_hUXKq3":{"type":"multirow","blocks":{"row_xkp3zW":{"type":"row","settings":{"image":"shopify:\/\/shop_images\/Supima_Cotton.webp","caption":"America’s Finest Cotton","heading":"Supima Cotton","text":"<p>Supima Cotton is not just fabric; it’s an experience of unparalleled softness and durability. Grown exclusively in the United States, its extra-long staple fibers create a material that feels luxurious against the skin and lasts far longer than ordinary cotton. Discover why it’s known as the world’s finest cotton.<\/p>","button_label":"Learn More","button_link":"shopify:\/\/pages\/supima-cotton"}},"row_z9yHdG":{"type":"row","settings":{"image":"shopify:\/\/shop_images\/Giza45_Cotton.webp","caption":"The Diamond of Cotton","heading":"Giza 45 Cotton","text":"<p>Known as the 'Diamond of Egyptian Cotton,' Giza 45 is the pinnacle of cotton luxury. With ultra-fine, silky fibers and a natural luster, this rare material is as beautiful as it is soft. Once you experience Giza 45, no other cotton will compare. What makes it so special?<\/p>","button_label":"Learn More","button_link":"shopify:\/\/pages\/egyptian-giza-45-cotton"}},"row_CVygGG":{"type":"row","settings":{"image":"shopify:\/\/shop_images\/Giza87_Cotton.jpg","caption":"The Pearl of the Nile","heading":"Giza 87 Cotton","text":"<p>Giza 87 Cotton is a symbol of refinement and elegance. Cultivated along the fertile banks of the Nile, it boasts exceptional softness and a smooth finish that stands out in quality and beauty. Dive into the secrets of this rare Egyptian treasure.<\/p>","button_label":"Learn More","button_link":"shopify:\/\/pages\/egyptian-giza-87-cotton"}},"row_HHUPH8":{"type":"row","settings":{"image":"shopify:\/\/shop_images\/Sea_Island_Cotton.jpg","caption":"The King’s Cotton","heading":"Sea Island Cotton","text":"<p>Sea Island Cotton is the ultimate expression of luxury in textiles. Its unmatched softness, silky luster, and rarity have made it the choice of royalty and connoisseurs worldwide. Why is it considered the world’s most exclusive cotton?<\/p>","button_label":"Learn More","button_link":"shopify:\/\/pages\/sea-island-cotton"}},"row_8ACgiF":{"type":"row","settings":{"image":"shopify:\/\/shop_images\/Suvin_Cotton.jpg","caption":"India’s Silk Cotton","heading":"Suvin Cotton","text":"<p>Suvin Cotton is a masterpiece of Indian craftsmanship, blending the finest qualities of Egyptian and Sea Island cotton. With its unparalleled smoothness, brilliance, and strength, this fabric is a hidden gem waiting to be discovered. What gives Suvin its unique charm?<\/p>","button_label":"Learn More","button_link":"shopify:\/\/pages\/suvin-cotton"}},"row_EJeQW3":{"type":"row","settings":{"image":"shopify:\/\/shop_images\/Merino_Wool.webp","caption":"The Versatile Luxury Wool","heading":"Merino Wool","text":"<p>Merino Wool is nature’s gift to fashion, offering unparalleled softness, breathability, and adaptability to all seasons. Its fine fibers are gentle against the skin, making it perfect for luxurious comfort. Curious about how Merino stands out from other wools?<\/p>","button_label":"Learn More","button_link":"shopify:\/\/pages\/merino-wool"}},"row_gNVMTm":{"type":"row","settings":{"image":"shopify:\/\/shop_images\/Cashmere_Wool.jpg","caption":"The Soft Gold","heading":"Cashmere Wool","text":"<p>Cashmere Wool is synonymous with timeless elegance and cozy luxury. Known as 'soft gold,' this exquisite material is lightweight yet incredibly warm, creating an unmatched sensory experience. What makes Cashmere so irresistible?<\/p>","button_label":"Learn More","button_link":"shopify:\/\/pages\/cashmere-wool"}},"row_N76DiT":{"type":"row","settings":{"image":"shopify:\/\/shop_images\/Vicuna_Wool.jpg","caption":"The Fabric of Gods","heading":"Vicuna Wool","text":"<p>Vicuña Wool, the rarest and most coveted fiber in the world, is revered for its incredible softness and featherlight warmth. Worn by royalty and sought after by collectors, it embodies true exclusivity. Want to know why it’s called the 'Fabric of the Gods'?<\/p>","button_label":"Learn More","button_link":"shopify:\/\/pages\/vicuna-wool"}},"row_wideUQ":{"type":"row","settings":{"image":"shopify:\/\/shop_images\/Alpaca_Wool.webp","caption":"The Andean Treasure","heading":"Alpaca Wool","text":"<p>Alpaca Wool combines centuries of Andean tradition with luxurious softness and warmth. Hypoallergenic and eco-friendly, it’s the perfect blend of comfort and sustainability. Why is Alpaca Wool a must-have for your wardrobe?<\/p>","button_label":"Learn More","button_link":"shopify:\/\/pages\/alpaca-wool"}},"row_tVQXHJ":{"type":"row","settings":{"image":"shopify:\/\/shop_images\/Escorial_wool.png","caption":"The Royal Fleece","heading":"Escorial Wool","text":"<p>Escorial Wool carries the legacy of kings. Its rare, elastic fibers offer a unique softness and resilience that set it apart. Once reserved for European royalty, Escorial is now a symbol of understated elegance. What makes this heritage fiber so unique?<\/p>","button_label":"Learn More","button_link":"shopify:\/\/pages\/escorial-wool"}},"row_brU6Rn":{"type":"row","settings":{"image":"shopify:\/\/shop_images\/Mulberry_Silk.jpg","caption":"The Purest Silk","heading":"Mulberry Silk","text":"<p>Mulberry Silk is the queen of silks, prized for its flawless texture, radiant luster, and incredible strength. Crafted from the finest silk fibers, it exudes luxury in every thread. What secrets lie behind its timeless appeal?<\/p>","button_label":"Learn More","button_link":"shopify:\/\/pages\/mulberry-silk"}},"row_D8MAMa":{"type":"row","settings":{"image":"shopify:\/\/shop_images\/Spider_Silk.jpg","caption":"The Silk of Strength","heading":"Spider Silk","text":"<p>Spider Silk is a marvel of innovation, combining extraordinary strength with featherlight delicacy. This natural wonder is stronger than steel yet as fine as a whisper, redefining what fabric can achieve. How is this groundbreaking silk created?<\/p>","button_label":"Learn More","button_link":"shopify:\/\/pages\/spider-silk"}},"row_deYbj6":{"type":"row","settings":{"image":"shopify:\/\/shop_images\/Lotus_Silk.webp","caption":"The Sacred Thread","heading":"Lotus Silk","text":"<p>Lotus Silk, spun from the stems of sacred lotus flowers, is one of the world’s rarest and most sustainable fabrics. Its soft, breathable texture and spiritual origins make it a symbol of tranquility and elegance. What makes this silk so extraordinary?<\/p>","button_label":"Learn More","button_link":"shopify:\/\/pages\/lotus-silk"}},"row_6JpaX8":{"type":"row","settings":{"image":"shopify:\/\/shop_images\/Sea_Silk.png","caption":"The Ocean’s Golden Silk","heading":"Sea Silk","text":"<p>Sea Silk, an ancient luxury, is spun from the byssus of sea mollusks. Known for its shimmering golden hues, it’s one of the rarest and most fascinating fabrics in history. Want to uncover the mystery of Sea Silk?<\/p>","button_label":"Learn More","button_link":"shopify:\/\/pages\/sea-silk"}},"row_xBCAqh":{"type":"row","settings":{"image":"shopify:\/\/shop_images\/Belgian_Linen.jpg","caption":"The European Gold Standard","heading":"Belgian Linen","text":"<p>Belgian Linen is the epitome of sophistication, known for its crisp texture, incredible durability, and eco-friendly production. Woven with precision, it’s a timeless classic that only gets better with age. Why is Belgian Linen a cut above the rest?<\/p>","button_label":"Learn More","button_link":"shopify:\/\/pages\/belgian-linen"}}},"block_order":["row_xkp3zW","row_z9yHdG","row_CVygGG","row_HHUPH8","row_8ACgiF","row_EJeQW3","row_gNVMTm","row_N76DiT","row_wideUQ","row_tVQXHJ","row_brU6Rn","row_D8MAMa","row_deYbj6","row_6JpaX8","row_xBCAqh"],"settings":{"image_height":"medium","desktop_image_width":"medium","image_layout":"alternate-left","heading_size":"h1","text_style":"body","button_style":"secondary","desktop_content_position":"middle","desktop_content_alignment":"left","mobile_content_alignment":"left","section_color_scheme":"","row_color_scheme":"","padding_top":36,"padding_bottom":36}},"rich_text_KbYY8Q":{"type":"rich-text","blocks":{"heading_3AHFLB":{"type":"heading","settings":{"heading":"Why we source rare material","heading_size":"h1"}},"text_ETiqWi":{"type":"text","settings":{"text":"<p>At <em>The Kronos Legacy<\/em>, true luxury lies in the rare and extraordinary. We seek out premium materials like Vicuña wool, Sea Island cotton, and Mulberry silk because they embody authenticity, craftsmanship, and exclusivity.<\/p><p>These materials tell stories of heritage and artistry that no synthetic can replicate. Every piece we create reflects our unwavering commitment to quality and timeless elegance.<\/p><p>By sourcing the finest fabrics, we ensure that each item offers more than luxury—it offers an experience as rare and exceptional as the materials themselves.<\/p>"}}},"block_order":["heading_3AHFLB","text_ETiqWi"],"settings":{"desktop_content_position":"center","content_alignment":"center","color_scheme":"","full_width":true,"padding_top":40,"padding_bottom":52}}},"order":["main","multirow_hUXKq3","rich_text_KbYY8Q"]}