{"sections":{"main":{"type":"main-product","blocks":{"title":{"type":"title","settings":{}},"price":{"type":"price","settings":{}},"variant_picker":{"type":"variant_picker","settings":{"picker_type":"button","swatch_shape":"circle"}},"quantity_selector":{"type":"quantity_selector","settings":{}},"buy_buttons":{"type":"buy_buttons","settings":{"show_dynamic_checkout":true,"show_gift_card_recipient":true}},"collapsible_tab_DhGGxi":{"type":"collapsible_tab","settings":{"heading":"Product Description","icon":"shirt","content":"<p><strong>The Kronos Legacy Supima Cotton Black T-Shirt<\/strong><\/p><p>Luxury, redefined. Made from the world’s finest <strong>100% authentic Supima cotton<\/strong>, this T-shirt is twice as soft, strong, and durable as regular cotton—designed to resist pilling and stay effortlessly smooth.<\/p><p>Its <strong>rich black hue<\/strong> is fade-resistant, ensuring lasting vibrancy, while the <strong>clean, minimalist design<\/strong> offers refined versatility. Precision-crafted with artisanal expertise, every stitch reflects <strong>uncompromising quality<\/strong>.<\/p><p>This isn’t just a T-shirt—it’s a statement. <strong>Elevate your everyday with true luxury.<\/strong><\/p>","page":""}},"collapsible_tab_LmTyjK":{"type":"collapsible_tab","settings":{"heading":"The Green Mark","icon":"shirt","content":"<p>This garment is produced in a wind mill powered, Fair Trade Certified™ facility. This means that our products were grown, harvested, crafted and traded in ways that improve lives and protect the environment. Additionally, no toxic dyes or formaldehyde were used in the production of this product.<\/p>","page":""}},"collapsible_tab_NmNi3p":{"type":"collapsible_tab","settings":{"heading":"Details","icon":"shirt","content":"<ul><li>100% American Grown SUPIMA® Cotton<\/li><li>Extra Long Staple (ELS) Cotton adds premium sheen, color retention, and durability<\/li><li>No toxic dyes or formaldehyde are used<\/li><li>Double needle stitched neck rib for seamless look and durability<\/li><li>Incredible softness<\/li><li>Pre-shrunk and treated to ensure minimal shrinkage<\/li><li>Garment weight: 8 oz<\/li><li>Pantone: TCX 19-0303<\/li><li>Handmade in Peru<\/li><\/ul>","page":""}},"collapsible_tab_FJc7Vm":{"type":"collapsible_tab","settings":{"heading":"Care instructions","icon":"shirt","content":"<ul><li>Wash with like colors<\/li><li>Turn inside out to wash<\/li><li>Machine wash cold<\/li><li>Hang dry<\/li><\/ul>","page":""}},"share":{"type":"share","settings":{"share_label":"Share"}}},"block_order":["title","price","variant_picker","quantity_selector","buy_buttons","collapsible_tab_DhGGxi","collapsible_tab_LmTyjK","collapsible_tab_NmNi3p","collapsible_tab_FJc7Vm","share"],"settings":{"enable_sticky_info":true,"color_scheme":"scheme-1","media_size":"medium","constrain_to_viewport":true,"media_fit":"contain","gallery_layout":"stacked","mobile_thumbnails":"hide","media_position":"left","image_zoom":"lightbox","hide_variants":false,"enable_video_looping":false,"padding_top":36,"padding_bottom":44}},"related-products":{"type":"related-products","settings":{"heading":"You may also like","heading_size":"h2","products_to_show":4,"columns_desktop":4,"columns_mobile":"2","color_scheme":"scheme-1","image_ratio":"square","image_shape":"default","show_secondary_image":false,"show_vendor":false,"show_rating":false,"padding_top":36,"padding_bottom":68}}},"order":["main","related-products"]}